"","ref_date","geo","value"
"1",2010-01-01,"Canada",18.6
"2",2010-02-01,"Canada",19.6
"3",2010-03-01,"Canada",20
"4",2010-04-01,"Canada",21.3
"5",2010-05-01,"Canada",19.2
"6",2010-06-01,"Canada",20.2
"7",2010-07-01,"Canada",18.2
"8",2010-08-01,"Canada",19.4
"9",2010-09-01,"Canada",21.6
"10",2010-10-01,"Canada",19.6
"11",2010-11-01,"Canada",21.4
"12",2010-12-01,"Canada",22.6
"13",2011-01-01,"Canada",19.7
"14",2011-02-01,"Canada",21.3
"15",2011-03-01,"Canada",21.5
"16",2011-04-01,"Canada",22.5
"17",2011-05-01,"Canada",19.5
"18",2011-06-01,"Canada",23.4
"19",2011-07-01,"Canada",20.6
"20",2011-08-01,"Canada",21
"21",2011-09-01,"Canada",20.7
"22",2011-10-01,"Canada",21.8
"23",2011-11-01,"Canada",21.4
"24",2011-12-01,"Canada",23.4
"25",2012-01-01,"Canada",19.3
"26",2012-02-01,"Canada",20.2
"27",2012-03-01,"Canada",19.8
"28",2012-04-01,"Canada",20.2
"29",2012-05-01,"Canada",20.2
"30",2012-06-01,"Canada",19.4
"31",2012-07-01,"Canada",19.4
"32",2012-08-01,"Canada",21.2
"33",2012-09-01,"Canada",21.3
"34",2012-10-01,"Canada",20.4
"35",2012-11-01,"Canada",21.5
"36",2012-12-01,"Canada",22
"37",2013-01-01,"Canada",19.8
"38",2013-02-01,"Canada",20.9
"39",2013-03-01,"Canada",22.1
"40",2013-04-01,"Canada",21.3
"41",2013-05-01,"Canada",21.7
"42",2013-06-01,"Canada",20.9
"43",2013-07-01,"Canada",20
"44",2013-08-01,"Canada",20.6
"45",2013-09-01,"Canada",21.8
"46",2013-10-01,"Canada",22.5
"47",2013-11-01,"Canada",22.4
"48",2013-12-01,"Canada",21
"49",2014-01-01,"Canada",20.6
"50",2014-02-01,"Canada",21
"51",2014-03-01,"Canada",21.2
"52",2014-04-01,"Canada",21.4
"53",2014-05-01,"Canada",20.9
"54",2014-06-01,"Canada",21
"55",2014-07-01,"Canada",19.8
"56",2014-08-01,"Canada",21.2
"57",2014-09-01,"Canada",20.7
"58",2014-10-01,"Canada",21.6
"59",2014-11-01,"Canada",22.1
"60",2014-12-01,"Canada",20.1
"61",2015-01-01,"Canada",21.4
"62",2015-02-01,"Canada",18.7
"63",2015-03-01,"Canada",20.3
"64",2015-04-01,"Canada",21.5
"65",2015-05-01,"Canada",19.7
"66",2015-06-01,"Canada",21.8
"67",2015-07-01,"Canada",19.3
"68",2015-08-01,"Canada",20.5
"69",2015-09-01,"Canada",19.7
"70",2015-10-01,"Canada",19
"71",2015-11-01,"Canada",20.9
"72",2015-12-01,"Canada",19.9
"73",2016-01-01,"Canada",18.4
"74",2016-02-01,"Canada",18.5
"75",2016-03-01,"Canada",19.9
"76",2016-04-01,"Canada",19.6
"77",2016-05-01,"Canada",17.7
"78",2016-06-01,"Canada",20.8
"79",2016-07-01,"Canada",19.4
"80",2016-08-01,"Canada",20.4
"81",2016-09-01,"Canada",22.7
"82",2016-10-01,"Canada",20
"83",2016-11-01,"Canada",21
"84",2016-12-01,"Canada",21.3
"85",2017-01-01,"Canada",20.5
"86",2017-02-01,"Canada",19.9
"87",2017-03-01,"Canada",20.8
"88",2017-04-01,"Canada",20.6
"89",2017-05-01,"Canada",19.6
"90",2017-06-01,"Canada",18.9
"91",2017-07-01,"Canada",17.7
"92",2017-08-01,"Canada",18.5
"93",2017-09-01,"Canada",20
"94",2017-10-01,"Canada",20
"95",2017-11-01,"Canada",18.6
"96",2017-12-01,"Canada",20.6
"97",2018-01-01,"Canada",17.8
"98",2018-02-01,"Canada",18.4
"99",2018-03-01,"Canada",18
"100",2018-04-01,"Canada",20.2
"101",2018-05-01,"Canada",18.5
"102",2018-06-01,"Canada",20.1
"103",2018-07-01,"Canada",17.8
"104",2018-08-01,"Canada",17.4
"105",2018-09-01,"Canada",18.1
"106",2018-10-01,"Canada",17.9
"107",2018-11-01,"Canada",17.5
"108",2018-12-01,"Canada",17.3
"109",2019-01-01,"Canada",16
"110",2019-02-01,"Canada",17.8
"111",2019-03-01,"Canada",18.2
"112",2019-04-01,"Canada",18.1
"113",2019-05-01,"Canada",16.2
"114",2019-06-01,"Canada",16.1
"115",2019-07-01,"Canada",15.1
"116",2019-08-01,"Canada",15.9
"117",2019-09-01,"Canada",16.4
"118",2019-10-01,"Canada",17
"119",2019-11-01,"Canada",16.8
"120",2019-12-01,"Canada",16.8
"121",2020-01-01,"Canada",16.2
"122",2020-02-01,"Canada",16.8
"123",2020-03-01,"Canada",12.6
"124",2020-04-01,"Canada",9.3
"125",2020-05-01,"Canada",11.1
"126",2020-06-01,"Canada",13.2
"127",2020-07-01,"Canada",15.1
"128",2020-08-01,"Canada",15.9
"129",2020-09-01,"Canada",19.7
"130",2020-10-01,"Canada",19
"131",2020-11-01,"Canada",18.8
"132",2020-12-01,"Canada",21.1
"133",2010-01-01,"Newfoundland and Labrador",14.4
"134",2010-02-01,"Newfoundland and Labrador",16.1
"135",2010-03-01,"Newfoundland and Labrador",19
"136",2010-04-01,"Newfoundland and Labrador",23.5
"137",2010-05-01,"Newfoundland and Labrador",18.7
"138",2010-06-01,"Newfoundland and Labrador",18
"139",2010-07-01,"Newfoundland and Labrador",13.5
"140",2010-08-01,"Newfoundland and Labrador",15.1
"141",2010-09-01,"Newfoundland and Labrador",17.2
"142",2010-10-01,"Newfoundland and Labrador",17.6
"143",2010-11-01,"Newfoundland and Labrador",13.9
"144",2010-12-01,"Newfoundland and Labrador",17.8
"145",2011-01-01,"Newfoundland and Labrador",15.8
"146",2011-02-01,"Newfoundland and Labrador",14.9
"147",2011-03-01,"Newfoundland and Labrador",17.8
"148",2011-04-01,"Newfoundland and Labrador",17.1
"149",2011-05-01,"Newfoundland and Labrador",14.3
"150",2011-06-01,"Newfoundland and Labrador",17.3
"151",2011-07-01,"Newfoundland and Labrador",19.5
"152",2011-08-01,"Newfoundland and Labrador",16.2
"153",2011-09-01,"Newfoundland and Labrador",20.3
"154",2011-10-01,"Newfoundland and Labrador",18.8
"155",2011-11-01,"Newfoundland and Labrador",16.9
"156",2011-12-01,"Newfoundland and Labrador",21.3
"157",2012-01-01,"Newfoundland and Labrador",16.5
"158",2012-02-01,"Newfoundland and Labrador",16.9
"159",2012-03-01,"Newfoundland and Labrador",17.5
"160",2012-04-01,"Newfoundland and Labrador",18.5
"161",2012-05-01,"Newfoundland and Labrador",21
"162",2012-06-01,"Newfoundland and Labrador",18.7
"163",2012-07-01,"Newfoundland and Labrador",20.8
"164",2012-08-01,"Newfoundland and Labrador",15.9
"165",2012-09-01,"Newfoundland and Labrador",12.2
"166",2012-10-01,"Newfoundland and Labrador",14.2
"167",2012-11-01,"Newfoundland and Labrador",14.3
"168",2012-12-01,"Newfoundland and Labrador",18.8
"169",2013-01-01,"Newfoundland and Labrador",15.5
"170",2013-02-01,"Newfoundland and Labrador",15.5
"171",2013-03-01,"Newfoundland and Labrador",17.3
"172",2013-04-01,"Newfoundland and Labrador",17.1
"173",2013-05-01,"Newfoundland and Labrador",27
"174",2013-06-01,"Newfoundland and Labrador",16.9
"175",2013-07-01,"Newfoundland and Labrador",14.3
"176",2013-08-01,"Newfoundland and Labrador",15
"177",2013-09-01,"Newfoundland and Labrador",19.3
"178",2013-10-01,"Newfoundland and Labrador",16
"179",2013-11-01,"Newfoundland and Labrador",15.6
"180",2013-12-01,"Newfoundland and Labrador",14.4
"181",2014-01-01,"Newfoundland and Labrador",14.7
"182",2014-02-01,"Newfoundland and Labrador",15.5
"183",2014-03-01,"Newfoundland and Labrador",17.2
"184",2014-04-01,"Newfoundland and Labrador",18.8
"185",2014-05-01,"Newfoundland and Labrador",17.7
"186",2014-06-01,"Newfoundland and Labrador",17.8
"187",2014-07-01,"Newfoundland and Labrador",17.2
"188",2014-08-01,"Newfoundland and Labrador",16.8
"189",2014-09-01,"Newfoundland and Labrador",21.1
"190",2014-10-01,"Newfoundland and Labrador",15.5
"191",2014-11-01,"Newfoundland and Labrador",13
"192",2014-12-01,"Newfoundland and Labrador",14.8
"193",2015-01-01,"Newfoundland and Labrador",18.6
"194",2015-02-01,"Newfoundland and Labrador",18
"195",2015-03-01,"Newfoundland and Labrador",18.4
"196",2015-04-01,"Newfoundland and Labrador",20.2
"197",2015-05-01,"Newfoundland and Labrador",17.9
"198",2015-06-01,"Newfoundland and Labrador",16.6
"199",2015-07-01,"Newfoundland and Labrador",16.4
"200",2015-08-01,"Newfoundland and Labrador",18.4
"201",2015-09-01,"Newfoundland and Labrador",19.5
"202",2015-10-01,"Newfoundland and Labrador",13.9
"203",2015-11-01,"Newfoundland and Labrador",12.8
"204",2015-12-01,"Newfoundland and Labrador",17.2
"205",2016-01-01,"Newfoundland and Labrador",18.8
"206",2016-02-01,"Newfoundland and Labrador",18.6
"207",2016-03-01,"Newfoundland and Labrador",20.8
"208",2016-04-01,"Newfoundland and Labrador",23.6
"209",2016-05-01,"Newfoundland and Labrador",18.6
"210",2016-06-01,"Newfoundland and Labrador",17.3
"211",2016-07-01,"Newfoundland and Labrador",17.4
"212",2016-08-01,"Newfoundland and Labrador",21
"213",2016-09-01,"Newfoundland and Labrador",18.2
"214",2016-10-01,"Newfoundland and Labrador",18.9
"215",2016-11-01,"Newfoundland and Labrador",16.4
"216",2016-12-01,"Newfoundland and Labrador",15.7
"217",2017-01-01,"Newfoundland and Labrador",16.5
"218",2017-02-01,"Newfoundland and Labrador",16.4
"219",2017-03-01,"Newfoundland and Labrador",18.2
"220",2017-04-01,"Newfoundland and Labrador",21.2
"221",2017-05-01,"Newfoundland and Labrador",20.1
"222",2017-06-01,"Newfoundland and Labrador",18.8
"223",2017-07-01,"Newfoundland and Labrador",18.7
"224",2017-08-01,"Newfoundland and Labrador",15.4
"225",2017-09-01,"Newfoundland and Labrador",20.4
"226",2017-10-01,"Newfoundland and Labrador",19.1
"227",2017-11-01,"Newfoundland and Labrador",21
"228",2017-12-01,"Newfoundland and Labrador",16.2
"229",2018-01-01,"Newfoundland and Labrador",17.1
"230",2018-02-01,"Newfoundland and Labrador",15.8
"231",2018-03-01,"Newfoundland and Labrador",20
"232",2018-04-01,"Newfoundland and Labrador",17.5
"233",2018-05-01,"Newfoundland and Labrador",24.4
"234",2018-06-01,"Newfoundland and Labrador",21.3
"235",2018-07-01,"Newfoundland and Labrador",22.5
"236",2018-08-01,"Newfoundland and Labrador",23.4
"237",2018-09-01,"Newfoundland and Labrador",19.2
"238",2018-10-01,"Newfoundland and Labrador",28.8
"239",2018-11-01,"Newfoundland and Labrador",14.9
"240",2018-12-01,"Newfoundland and Labrador",17
"241",2019-01-01,"Newfoundland and Labrador",18.2
"242",2019-02-01,"Newfoundland and Labrador",15
"243",2019-03-01,"Newfoundland and Labrador",17.2
"244",2019-04-01,"Newfoundland and Labrador",20.2
"245",2019-05-01,"Newfoundland and Labrador",17
"246",2019-06-01,"Newfoundland and Labrador",18
"247",2019-07-01,"Newfoundland and Labrador",17.8
"248",2019-08-01,"Newfoundland and Labrador",16.5
"249",2019-09-01,"Newfoundland and Labrador",16.6
"250",2019-10-01,"Newfoundland and Labrador",17.7
"251",2019-11-01,"Newfoundland and Labrador",19.1
"252",2019-12-01,"Newfoundland and Labrador",16
"253",2020-01-01,"Newfoundland and Labrador",17.3
"254",2020-02-01,"Newfoundland and Labrador",16.7
"255",2020-03-01,"Newfoundland and Labrador",18
"256",2020-04-01,"Newfoundland and Labrador",14.6
"257",2020-05-01,"Newfoundland and Labrador",14
"258",2020-06-01,"Newfoundland and Labrador",15.7
"259",2020-07-01,"Newfoundland and Labrador",16.9
"260",2020-08-01,"Newfoundland and Labrador",17.9
"261",2020-09-01,"Newfoundland and Labrador",21.9
"262",2020-10-01,"Newfoundland and Labrador",22.1
"263",2020-11-01,"Newfoundland and Labrador",23.9
"264",2020-12-01,"Newfoundland and Labrador",21.5
"265",2010-01-01,"Prince Edward Island",12.9
"266",2010-02-01,"Prince Edward Island",15.1
"267",2010-03-01,"Prince Edward Island",15.5
"268",2010-04-01,"Prince Edward Island",18.4
"269",2010-05-01,"Prince Edward Island",13.7
"270",2010-06-01,"Prince Edward Island",14.5
"271",2010-07-01,"Prince Edward Island",12.2
"272",2010-08-01,"Prince Edward Island",11.9
"273",2010-09-01,"Prince Edward Island",10.6
"274",2010-10-01,"Prince Edward Island",14.7
"275",2010-11-01,"Prince Edward Island",12.2
"276",2010-12-01,"Prince Edward Island",12.7
"277",2011-01-01,"Prince Edward Island",16.9
"278",2011-02-01,"Prince Edward Island",15
"279",2011-03-01,"Prince Edward Island",20.4
"280",2011-04-01,"Prince Edward Island",15.7
"281",2011-05-01,"Prince Edward Island",14.6
"282",2011-06-01,"Prince Edward Island",14
"283",2011-07-01,"Prince Edward Island",12.2
"284",2011-08-01,"Prince Edward Island",13.2
"285",2011-09-01,"Prince Edward Island",9.6
"286",2011-10-01,"Prince Edward Island",10.5
"287",2011-11-01,"Prince Edward Island",12.1
"288",2011-12-01,"Prince Edward Island",9.9
"289",2012-01-01,"Prince Edward Island",10.7
"290",2012-02-01,"Prince Edward Island",13.5
"291",2012-03-01,"Prince Edward Island",14.1
"292",2012-04-01,"Prince Edward Island",14
"293",2012-05-01,"Prince Edward Island",12.5
"294",2012-06-01,"Prince Edward Island",13.4
"295",2012-07-01,"Prince Edward Island",11.7
"296",2012-08-01,"Prince Edward Island",10.9
"297",2012-09-01,"Prince Edward Island",13.5
"298",2012-10-01,"Prince Edward Island",13.3
"299",2012-11-01,"Prince Edward Island",13.4
"300",2012-12-01,"Prince Edward Island",13.2
"301",2013-01-01,"Prince Edward Island",13.4
"302",2013-02-01,"Prince Edward Island",15.6
"303",2013-03-01,"Prince Edward Island",18.8
"304",2013-04-01,"Prince Edward Island",18.6
"305",2013-05-01,"Prince Edward Island",17.6
"306",2013-06-01,"Prince Edward Island",18.9
"307",2013-07-01,"Prince Edward Island",13.3
"308",2013-08-01,"Prince Edward Island",16.7
"309",2013-09-01,"Prince Edward Island",15.6
"310",2013-10-01,"Prince Edward Island",16.3
"311",2013-11-01,"Prince Edward Island",11
"312",2013-12-01,"Prince Edward Island",13.7
"313",2014-01-01,"Prince Edward Island",15.7
"314",2014-02-01,"Prince Edward Island",17.1
"315",2014-03-01,"Prince Edward Island",18.7
"316",2014-04-01,"Prince Edward Island",19.4
"317",2014-05-01,"Prince Edward Island",18.5
"318",2014-06-01,"Prince Edward Island",16.5
"319",2014-07-01,"Prince Edward Island",12.5
"320",2014-08-01,"Prince Edward Island",16.4
"321",2014-09-01,"Prince Edward Island",17.7
"322",2014-10-01,"Prince Edward Island",19.6
"323",2014-11-01,"Prince Edward Island",13
"324",2014-12-01,"Prince Edward Island",13.3
"325",2015-01-01,"Prince Edward Island",14.6
"326",2015-02-01,"Prince Edward Island",17.2
"327",2015-03-01,"Prince Edward Island",16.5
"328",2015-04-01,"Prince Edward Island",13.6
"329",2015-05-01,"Prince Edward Island",15.4
"330",2015-06-01,"Prince Edward Island",16.3
"331",2015-07-01,"Prince Edward Island",11.7
"332",2015-08-01,"Prince Edward Island",14.9
"333",2015-09-01,"Prince Edward Island",18.1
"334",2015-10-01,"Prince Edward Island",19.8
"335",2015-11-01,"Prince Edward Island",11.1
"336",2015-12-01,"Prince Edward Island",16.3
"337",2016-01-01,"Prince Edward Island",16.5
"338",2016-02-01,"Prince Edward Island",14.8
"339",2016-03-01,"Prince Edward Island",20.8
"340",2016-04-01,"Prince Edward Island",18.7
"341",2016-05-01,"Prince Edward Island",14.4
"342",2016-06-01,"Prince Edward Island",14.6
"343",2016-07-01,"Prince Edward Island",11.4
"344",2016-08-01,"Prince Edward Island",14.3
"345",2016-09-01,"Prince Edward Island",12.6
"346",2016-10-01,"Prince Edward Island",12.9
"347",2016-11-01,"Prince Edward Island",12
"348",2016-12-01,"Prince Edward Island",12.3
"349",2017-01-01,"Prince Edward Island",12.7
"350",2017-02-01,"Prince Edward Island",16.3
"351",2017-03-01,"Prince Edward Island",17.1
"352",2017-04-01,"Prince Edward Island",18.4
"353",2017-05-01,"Prince Edward Island",13.3
"354",2017-06-01,"Prince Edward Island",19.6
"355",2017-07-01,"Prince Edward Island",20.5
"356",2017-08-01,"Prince Edward Island",13.9
"357",2017-09-01,"Prince Edward Island",20.6
"358",2017-10-01,"Prince Edward Island",13.9
"359",2017-11-01,"Prince Edward Island",15
"360",2017-12-01,"Prince Edward Island",11.9
"361",2018-01-01,"Prince Edward Island",13.1
"362",2018-02-01,"Prince Edward Island",14.7
"363",2018-03-01,"Prince Edward Island",16.4
"364",2018-04-01,"Prince Edward Island",17.8
"365",2018-05-01,"Prince Edward Island",16.5
"366",2018-06-01,"Prince Edward Island",17.8
"367",2018-07-01,"Prince Edward Island",15.6
"368",2018-08-01,"Prince Edward Island",12.3
"369",2018-09-01,"Prince Edward Island",10.6
"370",2018-10-01,"Prince Edward Island",9.8
"371",2018-11-01,"Prince Edward Island",13.6
"372",2018-12-01,"Prince Edward Island",10.2
"373",2019-01-01,"Prince Edward Island",16.7
"374",2019-02-01,"Prince Edward Island",13.9
"375",2019-03-01,"Prince Edward Island",16
"376",2019-04-01,"Prince Edward Island",20.8
"377",2019-05-01,"Prince Edward Island",25.8
"378",2019-06-01,"Prince Edward Island",20.3
"379",2019-07-01,"Prince Edward Island",14.4
"380",2019-08-01,"Prince Edward Island",17.7
"381",2019-09-01,"Prince Edward Island",13.8
"382",2019-10-01,"Prince Edward Island",13.5
"383",2019-11-01,"Prince Edward Island",9.9
"384",2019-12-01,"Prince Edward Island",12.3
"385",2020-01-01,"Prince Edward Island",13
"386",2020-02-01,"Prince Edward Island",15.3
"387",2020-03-01,"Prince Edward Island",13.5
"388",2020-04-01,"Prince Edward Island",14.8
"389",2020-05-01,"Prince Edward Island",14.8
"390",2020-06-01,"Prince Edward Island",12.4
"391",2020-07-01,"Prince Edward Island",13.4
"392",2020-08-01,"Prince Edward Island",15.8
"393",2020-09-01,"Prince Edward Island",14.7
"394",2020-10-01,"Prince Edward Island",12.5
"395",2020-11-01,"Prince Edward Island",10.9
"396",2020-12-01,"Prince Edward Island",11.1
"397",2010-01-01,"Nova Scotia",17
"398",2010-02-01,"Nova Scotia",15.4
"399",2010-03-01,"Nova Scotia",20.5
"400",2010-04-01,"Nova Scotia",17.9
"401",2010-05-01,"Nova Scotia",17.8
"402",2010-06-01,"Nova Scotia",18.4
"403",2010-07-01,"Nova Scotia",18.1
"404",2010-08-01,"Nova Scotia",19.3
"405",2010-09-01,"Nova Scotia",16.6
"406",2010-10-01,"Nova Scotia",17.6
"407",2010-11-01,"Nova Scotia",20.5
"408",2010-12-01,"Nova Scotia",19.2
"409",2011-01-01,"Nova Scotia",20.2
"410",2011-02-01,"Nova Scotia",23.9
"411",2011-03-01,"Nova Scotia",21.5
"412",2011-04-01,"Nova Scotia",21
"413",2011-05-01,"Nova Scotia",20.4
"414",2011-06-01,"Nova Scotia",19.4
"415",2011-07-01,"Nova Scotia",15.5
"416",2011-08-01,"Nova Scotia",21.1
"417",2011-09-01,"Nova Scotia",15.8
"418",2011-10-01,"Nova Scotia",16.4
"419",2011-11-01,"Nova Scotia",15.8
"420",2011-12-01,"Nova Scotia",17.9
"421",2012-01-01,"Nova Scotia",12.7
"422",2012-02-01,"Nova Scotia",14.9
"423",2012-03-01,"Nova Scotia",17
"424",2012-04-01,"Nova Scotia",15.9
"425",2012-05-01,"Nova Scotia",18.9
"426",2012-06-01,"Nova Scotia",18.1
"427",2012-07-01,"Nova Scotia",15.5
"428",2012-08-01,"Nova Scotia",18.9
"429",2012-09-01,"Nova Scotia",20.8
"430",2012-10-01,"Nova Scotia",15.4
"431",2012-11-01,"Nova Scotia",13.2
"432",2012-12-01,"Nova Scotia",14.9
"433",2013-01-01,"Nova Scotia",16.6
"434",2013-02-01,"Nova Scotia",19.5
"435",2013-03-01,"Nova Scotia",18.7
"436",2013-04-01,"Nova Scotia",18.2
"437",2013-05-01,"Nova Scotia",19.8
"438",2013-06-01,"Nova Scotia",18.6
"439",2013-07-01,"Nova Scotia",22.6
"440",2013-08-01,"Nova Scotia",19.5
"441",2013-09-01,"Nova Scotia",22.1
"442",2013-10-01,"Nova Scotia",24.9
"443",2013-11-01,"Nova Scotia",19.1
"444",2013-12-01,"Nova Scotia",19.8
"445",2014-01-01,"Nova Scotia",17.3
"446",2014-02-01,"Nova Scotia",17.7
"447",2014-03-01,"Nova Scotia",19.3
"448",2014-04-01,"Nova Scotia",18
"449",2014-05-01,"Nova Scotia",22.7
"450",2014-06-01,"Nova Scotia",19.3
"451",2014-07-01,"Nova Scotia",16.9
"452",2014-08-01,"Nova Scotia",19.5
"453",2014-09-01,"Nova Scotia",19.1
"454",2014-10-01,"Nova Scotia",22.3
"455",2014-11-01,"Nova Scotia",16.9
"456",2014-12-01,"Nova Scotia",18.1
"457",2015-01-01,"Nova Scotia",19.6
"458",2015-02-01,"Nova Scotia",19.7
"459",2015-03-01,"Nova Scotia",19.6
"460",2015-04-01,"Nova Scotia",19.1
"461",2015-05-01,"Nova Scotia",19.2
"462",2015-06-01,"Nova Scotia",20.3
"463",2015-07-01,"Nova Scotia",13.9
"464",2015-08-01,"Nova Scotia",18.8
"465",2015-09-01,"Nova Scotia",18
"466",2015-10-01,"Nova Scotia",19.7
"467",2015-11-01,"Nova Scotia",20.1
"468",2015-12-01,"Nova Scotia",23.1
"469",2016-01-01,"Nova Scotia",17.2
"470",2016-02-01,"Nova Scotia",18.1
"471",2016-03-01,"Nova Scotia",23.2
"472",2016-04-01,"Nova Scotia",22
"473",2016-05-01,"Nova Scotia",16.4
"474",2016-06-01,"Nova Scotia",19.9
"475",2016-07-01,"Nova Scotia",15.9
"476",2016-08-01,"Nova Scotia",19
"477",2016-09-01,"Nova Scotia",19.3
"478",2016-10-01,"Nova Scotia",18.7
"479",2016-11-01,"Nova Scotia",18.7
"480",2016-12-01,"Nova Scotia",19.5
"481",2017-01-01,"Nova Scotia",15.1
"482",2017-02-01,"Nova Scotia",19.4
"483",2017-03-01,"Nova Scotia",16.4
"484",2017-04-01,"Nova Scotia",18.6
"485",2017-05-01,"Nova Scotia",17.5
"486",2017-06-01,"Nova Scotia",19.7
"487",2017-07-01,"Nova Scotia",16.6
"488",2017-08-01,"Nova Scotia",15.7
"489",2017-09-01,"Nova Scotia",18.4
"490",2017-10-01,"Nova Scotia",19.8
"491",2017-11-01,"Nova Scotia",13.5
"492",2017-12-01,"Nova Scotia",18.8
"493",2018-01-01,"Nova Scotia",16.3
"494",2018-02-01,"Nova Scotia",18
"495",2018-03-01,"Nova Scotia",19.6
"496",2018-04-01,"Nova Scotia",20.2
"497",2018-05-01,"Nova Scotia",18.7
"498",2018-06-01,"Nova Scotia",20
"499",2018-07-01,"Nova Scotia",16
"500",2018-08-01,"Nova Scotia",18.5
"501",2018-09-01,"Nova Scotia",19.9
"502",2018-10-01,"Nova Scotia",18.5
"503",2018-11-01,"Nova Scotia",14.4
"504",2018-12-01,"Nova Scotia",17.7
"505",2019-01-01,"Nova Scotia",15.6
"506",2019-02-01,"Nova Scotia",18.7
"507",2019-03-01,"Nova Scotia",17
"508",2019-04-01,"Nova Scotia",18.2
"509",2019-05-01,"Nova Scotia",16.5
"510",2019-06-01,"Nova Scotia",18.2
"511",2019-07-01,"Nova Scotia",14.6
"512",2019-08-01,"Nova Scotia",15.1
"513",2019-09-01,"Nova Scotia",17
"514",2019-10-01,"Nova Scotia",15.5
"515",2019-11-01,"Nova Scotia",17
"516",2019-12-01,"Nova Scotia",16.6
"517",2020-01-01,"Nova Scotia",13.5
"518",2020-02-01,"Nova Scotia",14.6
"519",2020-03-01,"Nova Scotia",15.3
"520",2020-04-01,"Nova Scotia",9.7
"521",2020-05-01,"Nova Scotia",12.3
"522",2020-06-01,"Nova Scotia",13.3
"523",2020-07-01,"Nova Scotia",21
"524",2020-08-01,"Nova Scotia",19
"525",2020-09-01,"Nova Scotia",24.8
"526",2020-10-01,"Nova Scotia",21.2
"527",2020-11-01,"Nova Scotia",27.1
"528",2020-12-01,"Nova Scotia",24.2
"529",2010-01-01,"New Brunswick",13.2
"530",2010-02-01,"New Brunswick",16
"531",2010-03-01,"New Brunswick",17.9
"532",2010-04-01,"New Brunswick",17.9
"533",2010-05-01,"New Brunswick",19.7
"534",2010-06-01,"New Brunswick",21.7
"535",2010-07-01,"New Brunswick",18.3
"536",2010-08-01,"New Brunswick",18.7
"537",2010-09-01,"New Brunswick",15.2
"538",2010-10-01,"New Brunswick",18.9
"539",2010-11-01,"New Brunswick",19.6
"540",2010-12-01,"New Brunswick",15.2
"541",2011-01-01,"New Brunswick",16.9
"542",2011-02-01,"New Brunswick",18.3
"543",2011-03-01,"New Brunswick",16
"544",2011-04-01,"New Brunswick",17.3
"545",2011-05-01,"New Brunswick",18.8
"546",2011-06-01,"New Brunswick",19.2
"547",2011-07-01,"New Brunswick",17.7
"548",2011-08-01,"New Brunswick",18.7
"549",2011-09-01,"New Brunswick",16.5
"550",2011-10-01,"New Brunswick",16.7
"551",2011-11-01,"New Brunswick",19.4
"552",2011-12-01,"New Brunswick",18.4
"553",2012-01-01,"New Brunswick",15.2
"554",2012-02-01,"New Brunswick",16.3
"555",2012-03-01,"New Brunswick",14.8
"556",2012-04-01,"New Brunswick",17.2
"557",2012-05-01,"New Brunswick",16.2
"558",2012-06-01,"New Brunswick",17.1
"559",2012-07-01,"New Brunswick",15.6
"560",2012-08-01,"New Brunswick",16.1
"561",2012-09-01,"New Brunswick",18.6
"562",2012-10-01,"New Brunswick",16.7
"563",2012-11-01,"New Brunswick",14.7
"564",2012-12-01,"New Brunswick",16.3
"565",2013-01-01,"New Brunswick",15.6
"566",2013-02-01,"New Brunswick",16.3
"567",2013-03-01,"New Brunswick",18.9
"568",2013-04-01,"New Brunswick",22.5
"569",2013-05-01,"New Brunswick",23
"570",2013-06-01,"New Brunswick",18.9
"571",2013-07-01,"New Brunswick",18.2
"572",2013-08-01,"New Brunswick",17.4
"573",2013-09-01,"New Brunswick",18.2
"574",2013-10-01,"New Brunswick",19.8
"575",2013-11-01,"New Brunswick",18.4
"576",2013-12-01,"New Brunswick",25.1
"577",2014-01-01,"New Brunswick",18.3
"578",2014-02-01,"New Brunswick",16
"579",2014-03-01,"New Brunswick",21
"580",2014-04-01,"New Brunswick",20.9
"581",2014-05-01,"New Brunswick",18.9
"582",2014-06-01,"New Brunswick",22.6
"583",2014-07-01,"New Brunswick",18.1
"584",2014-08-01,"New Brunswick",17.7
"585",2014-09-01,"New Brunswick",23.2
"586",2014-10-01,"New Brunswick",26.3
"587",2014-11-01,"New Brunswick",20.4
"588",2014-12-01,"New Brunswick",17.1
"589",2015-01-01,"New Brunswick",19.2
"590",2015-02-01,"New Brunswick",17.1
"591",2015-03-01,"New Brunswick",16.5
"592",2015-04-01,"New Brunswick",17.2
"593",2015-05-01,"New Brunswick",20.3
"594",2015-06-01,"New Brunswick",18.4
"595",2015-07-01,"New Brunswick",18.3
"596",2015-08-01,"New Brunswick",18.9
"597",2015-09-01,"New Brunswick",21
"598",2015-10-01,"New Brunswick",18.7
"599",2015-11-01,"New Brunswick",17
"600",2015-12-01,"New Brunswick",17.6
"601",2016-01-01,"New Brunswick",17.7
"602",2016-02-01,"New Brunswick",20.3
"603",2016-03-01,"New Brunswick",18.4
"604",2016-04-01,"New Brunswick",23.6
"605",2016-05-01,"New Brunswick",22.5
"606",2016-06-01,"New Brunswick",23.6
"607",2016-07-01,"New Brunswick",18.2
"608",2016-08-01,"New Brunswick",21.3
"609",2016-09-01,"New Brunswick",21.1
"610",2016-10-01,"New Brunswick",20.7
"611",2016-11-01,"New Brunswick",21.8
"612",2016-12-01,"New Brunswick",17.6
"613",2017-01-01,"New Brunswick",13.9
"614",2017-02-01,"New Brunswick",12.2
"615",2017-03-01,"New Brunswick",17.2
"616",2017-04-01,"New Brunswick",20.2
"617",2017-05-01,"New Brunswick",16.9
"618",2017-06-01,"New Brunswick",18.6
"619",2017-07-01,"New Brunswick",17.6
"620",2017-08-01,"New Brunswick",25.6
"621",2017-09-01,"New Brunswick",14.7
"622",2017-10-01,"New Brunswick",21.9
"623",2017-11-01,"New Brunswick",20.7
"624",2017-12-01,"New Brunswick",16.4
"625",2018-01-01,"New Brunswick",16.4
"626",2018-02-01,"New Brunswick",16.8
"627",2018-03-01,"New Brunswick",17.8
"628",2018-04-01,"New Brunswick",14.9
"629",2018-05-01,"New Brunswick",14.5
"630",2018-06-01,"New Brunswick",17.4
"631",2018-07-01,"New Brunswick",18.8
"632",2018-08-01,"New Brunswick",16.7
"633",2018-09-01,"New Brunswick",20.4
"634",2018-10-01,"New Brunswick",21.8
"635",2018-11-01,"New Brunswick",15.1
"636",2018-12-01,"New Brunswick",13.2
"637",2019-01-01,"New Brunswick",12.7
"638",2019-02-01,"New Brunswick",14.1
"639",2019-03-01,"New Brunswick",14.4
"640",2019-04-01,"New Brunswick",14.2
"641",2019-05-01,"New Brunswick",14.3
"642",2019-06-01,"New Brunswick",18.2
"643",2019-07-01,"New Brunswick",12.5
"644",2019-08-01,"New Brunswick",13.5
"645",2019-09-01,"New Brunswick",17.2
"646",2019-10-01,"New Brunswick",14.5
"647",2019-11-01,"New Brunswick",14.8
"648",2019-12-01,"New Brunswick",14.8
"649",2020-01-01,"New Brunswick",14.9
"650",2020-02-01,"New Brunswick",17.4
"651",2020-03-01,"New Brunswick",12.7
"652",2020-04-01,"New Brunswick",10.3
"653",2020-05-01,"New Brunswick",11.2
"654",2020-06-01,"New Brunswick",14
"655",2020-07-01,"New Brunswick",14.1
"656",2020-08-01,"New Brunswick",14
"657",2020-09-01,"New Brunswick",17.4
"658",2020-10-01,"New Brunswick",18.3
"659",2020-11-01,"New Brunswick",15.3
"660",2020-12-01,"New Brunswick",18.1
"661",2010-01-01,"Quebec",17.2
"662",2010-02-01,"Quebec",20.2
"663",2010-03-01,"Quebec",20
"664",2010-04-01,"Quebec",22
"665",2010-05-01,"Quebec",18.9
"666",2010-06-01,"Quebec",20.6
"667",2010-07-01,"Quebec",17.6
"668",2010-08-01,"Quebec",20
"669",2010-09-01,"Quebec",25.5
"670",2010-10-01,"Quebec",17.6
"671",2010-11-01,"Quebec",22
"672",2010-12-01,"Quebec",23.2
"673",2011-01-01,"Quebec",18.7
"674",2011-02-01,"Quebec",20.7
"675",2011-03-01,"Quebec",23.6
"676",2011-04-01,"Quebec",25.2
"677",2011-05-01,"Quebec",22.2
"678",2011-06-01,"Quebec",26.3
"679",2011-07-01,"Quebec",24.9
"680",2011-08-01,"Quebec",24.8
"681",2011-09-01,"Quebec",22.6
"682",2011-10-01,"Quebec",21.1
"683",2011-11-01,"Quebec",24.7
"684",2011-12-01,"Quebec",23.4
"685",2012-01-01,"Quebec",17
"686",2012-02-01,"Quebec",20.5
"687",2012-03-01,"Quebec",21
"688",2012-04-01,"Quebec",23
"689",2012-05-01,"Quebec",22
"690",2012-06-01,"Quebec",22.5
"691",2012-07-01,"Quebec",22.3
"692",2012-08-01,"Quebec",24
"693",2012-09-01,"Quebec",24.3
"694",2012-10-01,"Quebec",21.8
"695",2012-11-01,"Quebec",26.9
"696",2012-12-01,"Quebec",23.1
"697",2013-01-01,"Quebec",20
"698",2013-02-01,"Quebec",23.6
"699",2013-03-01,"Quebec",27.7
"700",2013-04-01,"Quebec",22.9
"701",2013-05-01,"Quebec",25.2
"702",2013-06-01,"Quebec",22.3
"703",2013-07-01,"Quebec",23.9
"704",2013-08-01,"Quebec",25.2
"705",2013-09-01,"Quebec",25.7
"706",2013-10-01,"Quebec",26.6
"707",2013-11-01,"Quebec",28.5
"708",2013-12-01,"Quebec",22.7
"709",2014-01-01,"Quebec",23.3
"710",2014-02-01,"Quebec",20.5
"711",2014-03-01,"Quebec",22.6
"712",2014-04-01,"Quebec",23.8
"713",2014-05-01,"Quebec",22.8
"714",2014-06-01,"Quebec",21.3
"715",2014-07-01,"Quebec",23.4
"716",2014-08-01,"Quebec",26.4
"717",2014-09-01,"Quebec",21.5
"718",2014-10-01,"Quebec",23.5
"719",2014-11-01,"Quebec",26
"720",2014-12-01,"Quebec",22.9
"721",2015-01-01,"Quebec",27.1
"722",2015-02-01,"Quebec",20.9
"723",2015-03-01,"Quebec",25.6
"724",2015-04-01,"Quebec",25.5
"725",2015-05-01,"Quebec",26.9
"726",2015-06-01,"Quebec",27
"727",2015-07-01,"Quebec",26.3
"728",2015-08-01,"Quebec",24.9
"729",2015-09-01,"Quebec",21.6
"730",2015-10-01,"Quebec",19.1
"731",2015-11-01,"Quebec",26
"732",2015-12-01,"Quebec",23.1
"733",2016-01-01,"Quebec",21.2
"734",2016-02-01,"Quebec",21.3
"735",2016-03-01,"Quebec",21.2
"736",2016-04-01,"Quebec",18.8
"737",2016-05-01,"Quebec",19.4
"738",2016-06-01,"Quebec",19.8
"739",2016-07-01,"Quebec",21.4
"740",2016-08-01,"Quebec",19
"741",2016-09-01,"Quebec",29
"742",2016-10-01,"Quebec",20.1
"743",2016-11-01,"Quebec",25
"744",2016-12-01,"Quebec",23.5
"745",2017-01-01,"Quebec",24.8
"746",2017-02-01,"Quebec",19.6
"747",2017-03-01,"Quebec",23.3
"748",2017-04-01,"Quebec",19.3
"749",2017-05-01,"Quebec",21.1
"750",2017-06-01,"Quebec",16.7
"751",2017-07-01,"Quebec",20.8
"752",2017-08-01,"Quebec",17.8
"753",2017-09-01,"Quebec",20.8
"754",2017-10-01,"Quebec",19.5
"755",2017-11-01,"Quebec",18
"756",2017-12-01,"Quebec",18.6
"757",2018-01-01,"Quebec",14.8
"758",2018-02-01,"Quebec",18.7
"759",2018-03-01,"Quebec",18.2
"760",2018-04-01,"Quebec",21.5
"761",2018-05-01,"Quebec",25.2
"762",2018-06-01,"Quebec",22.6
"763",2018-07-01,"Quebec",21.2
"764",2018-08-01,"Quebec",17.8
"765",2018-09-01,"Quebec",16.3
"766",2018-10-01,"Quebec",15.9
"767",2018-11-01,"Quebec",16.7
"768",2018-12-01,"Quebec",14.9
"769",2019-01-01,"Quebec",13.8
"770",2019-02-01,"Quebec",18.5
"771",2019-03-01,"Quebec",18.4
"772",2019-04-01,"Quebec",21.1
"773",2019-05-01,"Quebec",19.3
"774",2019-06-01,"Quebec",17.4
"775",2019-07-01,"Quebec",14.6
"776",2019-08-01,"Quebec",17.8
"777",2019-09-01,"Quebec",21
"778",2019-10-01,"Quebec",17.2
"779",2019-11-01,"Quebec",14.5
"780",2019-12-01,"Quebec",19.3
"781",2020-01-01,"Quebec",16.2
"782",2020-02-01,"Quebec",16.2
"783",2020-03-01,"Quebec",8.7
"784",2020-04-01,"Quebec",5.9
"785",2020-05-01,"Quebec",9
"786",2020-06-01,"Quebec",11.6
"787",2020-07-01,"Quebec",12.7
"788",2020-08-01,"Quebec",14.6
"789",2020-09-01,"Quebec",21.7
"790",2020-10-01,"Quebec",14.4
"791",2020-11-01,"Quebec",14.1
"792",2020-12-01,"Quebec",20.7
"793",2010-01-01,"Ontario",21.4
"794",2010-02-01,"Ontario",21.3
"795",2010-03-01,"Ontario",20.6
"796",2010-04-01,"Ontario",23
"797",2010-05-01,"Ontario",20.5
"798",2010-06-01,"Ontario",22
"799",2010-07-01,"Ontario",20.6
"800",2010-08-01,"Ontario",20.9
"801",2010-09-01,"Ontario",23
"802",2010-10-01,"Ontario",22.7
"803",2010-11-01,"Ontario",23.6
"804",2010-12-01,"Ontario",25.8
"805",2011-01-01,"Ontario",22.5
"806",2011-02-01,"Ontario",24.1
"807",2011-03-01,"Ontario",21.3
"808",2011-04-01,"Ontario",24
"809",2011-05-01,"Ontario",20.1
"810",2011-06-01,"Ontario",24.9
"811",2011-07-01,"Ontario",20.6
"812",2011-08-01,"Ontario",21.4
"813",2011-09-01,"Ontario",22.5
"814",2011-10-01,"Ontario",22.5
"815",2011-11-01,"Ontario",21.3
"816",2011-12-01,"Ontario",25.3
"817",2012-01-01,"Ontario",24.3
"818",2012-02-01,"Ontario",23.1
"819",2012-03-01,"Ontario",21.7
"820",2012-04-01,"Ontario",21.2
"821",2012-05-01,"Ontario",20.5
"822",2012-06-01,"Ontario",19.1
"823",2012-07-01,"Ontario",20.3
"824",2012-08-01,"Ontario",22.4
"825",2012-09-01,"Ontario",23.4
"826",2012-10-01,"Ontario",22.5
"827",2012-11-01,"Ontario",23.1
"828",2012-12-01,"Ontario",26.7
"829",2013-01-01,"Ontario",22.8
"830",2013-02-01,"Ontario",22
"831",2013-03-01,"Ontario",22
"832",2013-04-01,"Ontario",23.1
"833",2013-05-01,"Ontario",22.5
"834",2013-06-01,"Ontario",22.7
"835",2013-07-01,"Ontario",19.9
"836",2013-08-01,"Ontario",20.1
"837",2013-09-01,"Ontario",22.1
"838",2013-10-01,"Ontario",22.6
"839",2013-11-01,"Ontario",21
"840",2013-12-01,"Ontario",21.9
"841",2014-01-01,"Ontario",23
"842",2014-02-01,"Ontario",24.3
"843",2014-03-01,"Ontario",22.1
"844",2014-04-01,"Ontario",22.5
"845",2014-05-01,"Ontario",22
"846",2014-06-01,"Ontario",22.3
"847",2014-07-01,"Ontario",19.9
"848",2014-08-01,"Ontario",21.5
"849",2014-09-01,"Ontario",23
"850",2014-10-01,"Ontario",23.8
"851",2014-11-01,"Ontario",24.5
"852",2014-12-01,"Ontario",21.5
"853",2015-01-01,"Ontario",19.5
"854",2015-02-01,"Ontario",19.3
"855",2015-03-01,"Ontario",19.5
"856",2015-04-01,"Ontario",21.9
"857",2015-05-01,"Ontario",17.1
"858",2015-06-01,"Ontario",20.7
"859",2015-07-01,"Ontario",18.1
"860",2015-08-01,"Ontario",19.8
"861",2015-09-01,"Ontario",20.5
"862",2015-10-01,"Ontario",21.6
"863",2015-11-01,"Ontario",21.9
"864",2015-12-01,"Ontario",21.3
"865",2016-01-01,"Ontario",19.1
"866",2016-02-01,"Ontario",18.7
"867",2016-03-01,"Ontario",20.9
"868",2016-04-01,"Ontario",20.7
"869",2016-05-01,"Ontario",17.7
"870",2016-06-01,"Ontario",22.7
"871",2016-07-01,"Ontario",20.5
"872",2016-08-01,"Ontario",20.6
"873",2016-09-01,"Ontario",19.2
"874",2016-10-01,"Ontario",18.7
"875",2016-11-01,"Ontario",19.5
"876",2016-12-01,"Ontario",21.9
"877",2017-01-01,"Ontario",19.1
"878",2017-02-01,"Ontario",21
"879",2017-03-01,"Ontario",20.6
"880",2017-04-01,"Ontario",20.5
"881",2017-05-01,"Ontario",18.7
"882",2017-06-01,"Ontario",17.6
"883",2017-07-01,"Ontario",16.2
"884",2017-08-01,"Ontario",18.9
"885",2017-09-01,"Ontario",19.4
"886",2017-10-01,"Ontario",20.1
"887",2017-11-01,"Ontario",18.7
"888",2017-12-01,"Ontario",21.7
"889",2018-01-01,"Ontario",18.1
"890",2018-02-01,"Ontario",17.1
"891",2018-03-01,"Ontario",16.4
"892",2018-04-01,"Ontario",19
"893",2018-05-01,"Ontario",14.9
"894",2018-06-01,"Ontario",18.5
"895",2018-07-01,"Ontario",16.5
"896",2018-08-01,"Ontario",16.2
"897",2018-09-01,"Ontario",17.9
"898",2018-10-01,"Ontario",17.7
"899",2018-11-01,"Ontario",16.7
"900",2018-12-01,"Ontario",18.2
"901",2019-01-01,"Ontario",15.2
"902",2019-02-01,"Ontario",17.4
"903",2019-03-01,"Ontario",17
"904",2019-04-01,"Ontario",17.2
"905",2019-05-01,"Ontario",14.3
"906",2019-06-01,"Ontario",14.8
"907",2019-07-01,"Ontario",12.7
"908",2019-08-01,"Ontario",14.6
"909",2019-09-01,"Ontario",15
"910",2019-10-01,"Ontario",18.1
"911",2019-11-01,"Ontario",18.6
"912",2019-12-01,"Ontario",16
"913",2020-01-01,"Ontario",16.9
"914",2020-02-01,"Ontario",16.1
"915",2020-03-01,"Ontario",13.2
"916",2020-04-01,"Ontario",10.8
"917",2020-05-01,"Ontario",11
"918",2020-06-01,"Ontario",13.4
"919",2020-07-01,"Ontario",14.5
"920",2020-08-01,"Ontario",15.1
"921",2020-09-01,"Ontario",17.7
"922",2020-10-01,"Ontario",19.5
"923",2020-11-01,"Ontario",19.4
"924",2020-12-01,"Ontario",21.3
"925",2010-01-01,"Manitoba",12.2
"926",2010-02-01,"Manitoba",14.9
"927",2010-03-01,"Manitoba",14.5
"928",2010-04-01,"Manitoba",17.2
"929",2010-05-01,"Manitoba",14.9
"930",2010-06-01,"Manitoba",13.1
"931",2010-07-01,"Manitoba",11.2
"932",2010-08-01,"Manitoba",15
"933",2010-09-01,"Manitoba",12.4
"934",2010-10-01,"Manitoba",16.4
"935",2010-11-01,"Manitoba",16.9
"936",2010-12-01,"Manitoba",15.7
"937",2011-01-01,"Manitoba",16
"938",2011-02-01,"Manitoba",15.4
"939",2011-03-01,"Manitoba",15.3
"940",2011-04-01,"Manitoba",13.5
"941",2011-05-01,"Manitoba",15
"942",2011-06-01,"Manitoba",18.1
"943",2011-07-01,"Manitoba",15.7
"944",2011-08-01,"Manitoba",15.7
"945",2011-09-01,"Manitoba",15.5
"946",2011-10-01,"Manitoba",15
"947",2011-11-01,"Manitoba",12.9
"948",2011-12-01,"Manitoba",17.8
"949",2012-01-01,"Manitoba",11.8
"950",2012-02-01,"Manitoba",16.1
"951",2012-03-01,"Manitoba",13.8
"952",2012-04-01,"Manitoba",15.2
"953",2012-05-01,"Manitoba",14.4
"954",2012-06-01,"Manitoba",14.5
"955",2012-07-01,"Manitoba",15.7
"956",2012-08-01,"Manitoba",16.5
"957",2012-09-01,"Manitoba",16.1
"958",2012-10-01,"Manitoba",16.2
"959",2012-11-01,"Manitoba",17.7
"960",2012-12-01,"Manitoba",18.6
"961",2013-01-01,"Manitoba",16.5
"962",2013-02-01,"Manitoba",17.7
"963",2013-03-01,"Manitoba",17.6
"964",2013-04-01,"Manitoba",18.8
"965",2013-05-01,"Manitoba",19.7
"966",2013-06-01,"Manitoba",14.7
"967",2013-07-01,"Manitoba",15.6
"968",2013-08-01,"Manitoba",18
"969",2013-09-01,"Manitoba",18.7
"970",2013-10-01,"Manitoba",25.3
"971",2013-11-01,"Manitoba",13.5
"972",2013-12-01,"Manitoba",15.7
"973",2014-01-01,"Manitoba",14.8
"974",2014-02-01,"Manitoba",16.5
"975",2014-03-01,"Manitoba",15.7
"976",2014-04-01,"Manitoba",16.5
"977",2014-05-01,"Manitoba",17.8
"978",2014-06-01,"Manitoba",23.1
"979",2014-07-01,"Manitoba",12.1
"980",2014-08-01,"Manitoba",14.9
"981",2014-09-01,"Manitoba",13.9
"982",2014-10-01,"Manitoba",16.2
"983",2014-11-01,"Manitoba",17.1
"984",2014-12-01,"Manitoba",14.9
"985",2015-01-01,"Manitoba",16.4
"986",2015-02-01,"Manitoba",17.6
"987",2015-03-01,"Manitoba",14.8
"988",2015-04-01,"Manitoba",18.3
"989",2015-05-01,"Manitoba",16.5
"990",2015-06-01,"Manitoba",18.9
"991",2015-07-01,"Manitoba",13.1
"992",2015-08-01,"Manitoba",14.1
"993",2015-09-01,"Manitoba",15
"994",2015-10-01,"Manitoba",18.9
"995",2015-11-01,"Manitoba",16.2
"996",2015-12-01,"Manitoba",19.5
"997",2016-01-01,"Manitoba",16.2
"998",2016-02-01,"Manitoba",17.3
"999",2016-03-01,"Manitoba",19.4
"1000",2016-04-01,"Manitoba",16.1
"1001",2016-05-01,"Manitoba",15.9
"1002",2016-06-01,"Manitoba",19.2
"1003",2016-07-01,"Manitoba",16.4
"1004",2016-08-01,"Manitoba",20.2
"1005",2016-09-01,"Manitoba",19.1
"1006",2016-10-01,"Manitoba",19.8
"1007",2016-11-01,"Manitoba",21.3
"1008",2016-12-01,"Manitoba",18.2
"1009",2017-01-01,"Manitoba",16.4
"1010",2017-02-01,"Manitoba",16.8
"1011",2017-03-01,"Manitoba",16.3
"1012",2017-04-01,"Manitoba",15.4
"1013",2017-05-01,"Manitoba",16.3
"1014",2017-06-01,"Manitoba",17.5
"1015",2017-07-01,"Manitoba",12.6
"1016",2017-08-01,"Manitoba",13.4
"1017",2017-09-01,"Manitoba",15.1
"1018",2017-10-01,"Manitoba",16.4
"1019",2017-11-01,"Manitoba",15
"1020",2017-12-01,"Manitoba",16.8
"1021",2018-01-01,"Manitoba",15
"1022",2018-02-01,"Manitoba",16.5
"1023",2018-03-01,"Manitoba",19
"1024",2018-04-01,"Manitoba",20.3
"1025",2018-05-01,"Manitoba",15.6
"1026",2018-06-01,"Manitoba",16.3
"1027",2018-07-01,"Manitoba",12.6
"1028",2018-08-01,"Manitoba",15
"1029",2018-09-01,"Manitoba",19.3
"1030",2018-10-01,"Manitoba",13.6
"1031",2018-11-01,"Manitoba",20.6
"1032",2018-12-01,"Manitoba",14.6
"1033",2019-01-01,"Manitoba",14.1
"1034",2019-02-01,"Manitoba",18.6
"1035",2019-03-01,"Manitoba",18.1
"1036",2019-04-01,"Manitoba",19.3
"1037",2019-05-01,"Manitoba",15.9
"1038",2019-06-01,"Manitoba",14
"1039",2019-07-01,"Manitoba",18.1
"1040",2019-08-01,"Manitoba",13.9
"1041",2019-09-01,"Manitoba",14.2
"1042",2019-10-01,"Manitoba",20.4
"1043",2019-11-01,"Manitoba",10.7
"1044",2019-12-01,"Manitoba",15.4
"1045",2020-01-01,"Manitoba",17.2
"1046",2020-02-01,"Manitoba",18.1
"1047",2020-03-01,"Manitoba",12.3
"1048",2020-04-01,"Manitoba",9.6
"1049",2020-05-01,"Manitoba",11.4
"1050",2020-06-01,"Manitoba",13.2
"1051",2020-07-01,"Manitoba",14.8
"1052",2020-08-01,"Manitoba",15.2
"1053",2020-09-01,"Manitoba",14.7
"1054",2020-10-01,"Manitoba",17.5
"1055",2020-11-01,"Manitoba",17.3
"1056",2020-12-01,"Manitoba",15.5
"1057",2010-01-01,"Saskatchewan",12.2
"1058",2010-02-01,"Saskatchewan",12.8
"1059",2010-03-01,"Saskatchewan",13.7
"1060",2010-04-01,"Saskatchewan",14.9
"1061",2010-05-01,"Saskatchewan",14
"1062",2010-06-01,"Saskatchewan",16.1
"1063",2010-07-01,"Saskatchewan",13.7
"1064",2010-08-01,"Saskatchewan",15.5
"1065",2010-09-01,"Saskatchewan",17.9
"1066",2010-10-01,"Saskatchewan",15.2
"1067",2010-11-01,"Saskatchewan",14.4
"1068",2010-12-01,"Saskatchewan",15.2
"1069",2011-01-01,"Saskatchewan",15.3
"1070",2011-02-01,"Saskatchewan",20.2
"1071",2011-03-01,"Saskatchewan",17.8
"1072",2011-04-01,"Saskatchewan",15
"1073",2011-05-01,"Saskatchewan",17.4
"1074",2011-06-01,"Saskatchewan",25.4
"1075",2011-07-01,"Saskatchewan",14.4
"1076",2011-08-01,"Saskatchewan",14.1
"1077",2011-09-01,"Saskatchewan",20.3
"1078",2011-10-01,"Saskatchewan",13.6
"1079",2011-11-01,"Saskatchewan",13.6
"1080",2011-12-01,"Saskatchewan",12.7
"1081",2012-01-01,"Saskatchewan",15.2
"1082",2012-02-01,"Saskatchewan",12.6
"1083",2012-03-01,"Saskatchewan",14.9
"1084",2012-04-01,"Saskatchewan",13
"1085",2012-05-01,"Saskatchewan",15.8
"1086",2012-06-01,"Saskatchewan",16.1
"1087",2012-07-01,"Saskatchewan",17
"1088",2012-08-01,"Saskatchewan",19.9
"1089",2012-09-01,"Saskatchewan",13
"1090",2012-10-01,"Saskatchewan",16.5
"1091",2012-11-01,"Saskatchewan",11.3
"1092",2012-12-01,"Saskatchewan",12.8
"1093",2013-01-01,"Saskatchewan",15.7
"1094",2013-02-01,"Saskatchewan",17.3
"1095",2013-03-01,"Saskatchewan",15.4
"1096",2013-04-01,"Saskatchewan",14
"1097",2013-05-01,"Saskatchewan",17.7
"1098",2013-06-01,"Saskatchewan",15.1
"1099",2013-07-01,"Saskatchewan",11.7
"1100",2013-08-01,"Saskatchewan",14.2
"1101",2013-09-01,"Saskatchewan",14.6
"1102",2013-10-01,"Saskatchewan",11.8
"1103",2013-11-01,"Saskatchewan",15.2
"1104",2013-12-01,"Saskatchewan",16.9
"1105",2014-01-01,"Saskatchewan",14.8
"1106",2014-02-01,"Saskatchewan",13.7
"1107",2014-03-01,"Saskatchewan",13.2
"1108",2014-04-01,"Saskatchewan",14.8
"1109",2014-05-01,"Saskatchewan",14
"1110",2014-06-01,"Saskatchewan",14.4
"1111",2014-07-01,"Saskatchewan",14.4
"1112",2014-08-01,"Saskatchewan",11.7
"1113",2014-09-01,"Saskatchewan",14.8
"1114",2014-10-01,"Saskatchewan",13.5
"1115",2014-11-01,"Saskatchewan",11.6
"1116",2014-12-01,"Saskatchewan",11.3
"1117",2015-01-01,"Saskatchewan",13.5
"1118",2015-02-01,"Saskatchewan",13
"1119",2015-03-01,"Saskatchewan",13.3
"1120",2015-04-01,"Saskatchewan",12.6
"1121",2015-05-01,"Saskatchewan",11.2
"1122",2015-06-01,"Saskatchewan",16.5
"1123",2015-07-01,"Saskatchewan",13.4
"1124",2015-08-01,"Saskatchewan",15.1
"1125",2015-09-01,"Saskatchewan",13.3
"1126",2015-10-01,"Saskatchewan",12.7
"1127",2015-11-01,"Saskatchewan",11.3
"1128",2015-12-01,"Saskatchewan",14.6
"1129",2016-01-01,"Saskatchewan",11.4
"1130",2016-02-01,"Saskatchewan",14.2
"1131",2016-03-01,"Saskatchewan",13.7
"1132",2016-04-01,"Saskatchewan",17.5
"1133",2016-05-01,"Saskatchewan",18.6
"1134",2016-06-01,"Saskatchewan",15.4
"1135",2016-07-01,"Saskatchewan",13.6
"1136",2016-08-01,"Saskatchewan",13.9
"1137",2016-09-01,"Saskatchewan",17.1
"1138",2016-10-01,"Saskatchewan",18.1
"1139",2016-11-01,"Saskatchewan",17.9
"1140",2016-12-01,"Saskatchewan",22.8
"1141",2017-01-01,"Saskatchewan",18.5
"1142",2017-02-01,"Saskatchewan",21.2
"1143",2017-03-01,"Saskatchewan",20.5
"1144",2017-04-01,"Saskatchewan",18.6
"1145",2017-05-01,"Saskatchewan",19.8
"1146",2017-06-01,"Saskatchewan",17.7
"1147",2017-07-01,"Saskatchewan",16.5
"1148",2017-08-01,"Saskatchewan",16.6
"1149",2017-09-01,"Saskatchewan",19
"1150",2017-10-01,"Saskatchewan",20.4
"1151",2017-11-01,"Saskatchewan",19.4
"1152",2017-12-01,"Saskatchewan",19.7
"1153",2018-01-01,"Saskatchewan",21.3
"1154",2018-02-01,"Saskatchewan",19.6
"1155",2018-03-01,"Saskatchewan",17.9
"1156",2018-04-01,"Saskatchewan",19.6
"1157",2018-05-01,"Saskatchewan",19.5
"1158",2018-06-01,"Saskatchewan",24.4
"1159",2018-07-01,"Saskatchewan",14.9
"1160",2018-08-01,"Saskatchewan",15
"1161",2018-09-01,"Saskatchewan",24.4
"1162",2018-10-01,"Saskatchewan",23.1
"1163",2018-11-01,"Saskatchewan",26.8
"1164",2018-12-01,"Saskatchewan",24.3
"1165",2019-01-01,"Saskatchewan",22.4
"1166",2019-02-01,"Saskatchewan",16.2
"1167",2019-03-01,"Saskatchewan",24.9
"1168",2019-04-01,"Saskatchewan",17.5
"1169",2019-05-01,"Saskatchewan",18.4
"1170",2019-06-01,"Saskatchewan",21.6
"1171",2019-07-01,"Saskatchewan",15.3
"1172",2019-08-01,"Saskatchewan",18.8
"1173",2019-09-01,"Saskatchewan",22.7
"1174",2019-10-01,"Saskatchewan",23.3
"1175",2019-11-01,"Saskatchewan",15.8
"1176",2019-12-01,"Saskatchewan",15.2
"1177",2020-01-01,"Saskatchewan",16.4
"1178",2020-02-01,"Saskatchewan",18.2
"1179",2020-03-01,"Saskatchewan",19.1
"1180",2020-04-01,"Saskatchewan",12.2
"1181",2020-05-01,"Saskatchewan",12.4
"1182",2020-06-01,"Saskatchewan",13.6
"1183",2020-07-01,"Saskatchewan",15
"1184",2020-08-01,"Saskatchewan",20.7
"1185",2020-09-01,"Saskatchewan",16.5
"1186",2020-10-01,"Saskatchewan",19.2
"1187",2020-11-01,"Saskatchewan",22.2
"1188",2020-12-01,"Saskatchewan",22
"1189",2010-01-01,"Alberta",16.7
"1190",2010-02-01,"Alberta",22.1
"1191",2010-03-01,"Alberta",18.6
"1192",2010-04-01,"Alberta",19.3
"1193",2010-05-01,"Alberta",18.7
"1194",2010-06-01,"Alberta",18
"1195",2010-07-01,"Alberta",15.9
"1196",2010-08-01,"Alberta",17.4
"1197",2010-09-01,"Alberta",16.3
"1198",2010-10-01,"Alberta",18.3
"1199",2010-11-01,"Alberta",15.9
"1200",2010-12-01,"Alberta",16
"1201",2011-01-01,"Alberta",15.8
"1202",2011-02-01,"Alberta",20.9
"1203",2011-03-01,"Alberta",23
"1204",2011-04-01,"Alberta",17.8
"1205",2011-05-01,"Alberta",15.1
"1206",2011-06-01,"Alberta",17.5
"1207",2011-07-01,"Alberta",14.8
"1208",2011-08-01,"Alberta",14.6
"1209",2011-09-01,"Alberta",13.1
"1210",2011-10-01,"Alberta",18.6
"1211",2011-11-01,"Alberta",14.8
"1212",2011-12-01,"Alberta",20.3
"1213",2012-01-01,"Alberta",13.7
"1214",2012-02-01,"Alberta",14.1
"1215",2012-03-01,"Alberta",15.1
"1216",2012-04-01,"Alberta",13.6
"1217",2012-05-01,"Alberta",20.8
"1218",2012-06-01,"Alberta",13.1
"1219",2012-07-01,"Alberta",9.8
"1220",2012-08-01,"Alberta",12.4
"1221",2012-09-01,"Alberta",12.2
"1222",2012-10-01,"Alberta",10.8
"1223",2012-11-01,"Alberta",12.7
"1224",2012-12-01,"Alberta",11.5
"1225",2013-01-01,"Alberta",12
"1226",2013-02-01,"Alberta",16.7
"1227",2013-03-01,"Alberta",14.9
"1228",2013-04-01,"Alberta",13.8
"1229",2013-05-01,"Alberta",12.9
"1230",2013-06-01,"Alberta",13.1
"1231",2013-07-01,"Alberta",12.8
"1232",2013-08-01,"Alberta",15.1
"1233",2013-09-01,"Alberta",14.6
"1234",2013-10-01,"Alberta",14.3
"1235",2013-11-01,"Alberta",16.2
"1236",2013-12-01,"Alberta",14.2
"1237",2014-01-01,"Alberta",13.3
"1238",2014-02-01,"Alberta",16
"1239",2014-03-01,"Alberta",16.8
"1240",2014-04-01,"Alberta",18.1
"1241",2014-05-01,"Alberta",13.7
"1242",2014-06-01,"Alberta",14
"1243",2014-07-01,"Alberta",13.4
"1244",2014-08-01,"Alberta",14
"1245",2014-09-01,"Alberta",15.7
"1246",2014-10-01,"Alberta",13.4
"1247",2014-11-01,"Alberta",13.8
"1248",2014-12-01,"Alberta",12.7
"1249",2015-01-01,"Alberta",13.3
"1250",2015-02-01,"Alberta",13.4
"1251",2015-03-01,"Alberta",13.4
"1252",2015-04-01,"Alberta",14.4
"1253",2015-05-01,"Alberta",14.4
"1254",2015-06-01,"Alberta",15.3
"1255",2015-07-01,"Alberta",15.7
"1256",2015-08-01,"Alberta",15.5
"1257",2015-09-01,"Alberta",15.9
"1258",2015-10-01,"Alberta",14.6
"1259",2015-11-01,"Alberta",15.3
"1260",2015-12-01,"Alberta",13.7
"1261",2016-01-01,"Alberta",16.6
"1262",2016-02-01,"Alberta",16.3
"1263",2016-03-01,"Alberta",18.4
"1264",2016-04-01,"Alberta",20
"1265",2016-05-01,"Alberta",16.3
"1266",2016-06-01,"Alberta",20
"1267",2016-07-01,"Alberta",16.6
"1268",2016-08-01,"Alberta",22.7
"1269",2016-09-01,"Alberta",25.1
"1270",2016-10-01,"Alberta",25.3
"1271",2016-11-01,"Alberta",23.3
"1272",2016-12-01,"Alberta",22.3
"1273",2017-01-01,"Alberta",22.9
"1274",2017-02-01,"Alberta",23.3
"1275",2017-03-01,"Alberta",23.9
"1276",2017-04-01,"Alberta",27.2
"1277",2017-05-01,"Alberta",23.5
"1278",2017-06-01,"Alberta",25.8
"1279",2017-07-01,"Alberta",20.7
"1280",2017-08-01,"Alberta",20.9
"1281",2017-09-01,"Alberta",21.8
"1282",2017-10-01,"Alberta",20.6
"1283",2017-11-01,"Alberta",21.7
"1284",2017-12-01,"Alberta",24
"1285",2018-01-01,"Alberta",23
"1286",2018-02-01,"Alberta",22.2
"1287",2018-03-01,"Alberta",20.9
"1288",2018-04-01,"Alberta",24
"1289",2018-05-01,"Alberta",18.9
"1290",2018-06-01,"Alberta",21.6
"1291",2018-07-01,"Alberta",19.3
"1292",2018-08-01,"Alberta",21.7
"1293",2018-09-01,"Alberta",20
"1294",2018-10-01,"Alberta",21.2
"1295",2018-11-01,"Alberta",23.6
"1296",2018-12-01,"Alberta",22.4
"1297",2019-01-01,"Alberta",23.9
"1298",2019-02-01,"Alberta",22.1
"1299",2019-03-01,"Alberta",23.2
"1300",2019-04-01,"Alberta",20.5
"1301",2019-05-01,"Alberta",19.4
"1302",2019-06-01,"Alberta",20.3
"1303",2019-07-01,"Alberta",23.2
"1304",2019-08-01,"Alberta",20.1
"1305",2019-09-01,"Alberta",16.6
"1306",2019-10-01,"Alberta",17.6
"1307",2019-11-01,"Alberta",20.5
"1308",2019-12-01,"Alberta",18.9
"1309",2020-01-01,"Alberta",17.7
"1310",2020-02-01,"Alberta",21.5
"1311",2020-03-01,"Alberta",15.5
"1312",2020-04-01,"Alberta",12
"1313",2020-05-01,"Alberta",14.2
"1314",2020-06-01,"Alberta",14.9
"1315",2020-07-01,"Alberta",15.8
"1316",2020-08-01,"Alberta",20.3
"1317",2020-09-01,"Alberta",22.1
"1318",2020-10-01,"Alberta",24
"1319",2020-11-01,"Alberta",22.2
"1320",2020-12-01,"Alberta",23.2
"1321",2010-01-01,"British Columbia",18.2
"1322",2010-02-01,"British Columbia",14.9
"1323",2010-03-01,"British Columbia",21.8
"1324",2010-04-01,"British Columbia",18.2
"1325",2010-05-01,"British Columbia",17.7
"1326",2010-06-01,"British Columbia",17.8
"1327",2010-07-01,"British Columbia",16.3
"1328",2010-08-01,"British Columbia",16.9
"1329",2010-09-01,"British Columbia",19.9
"1330",2010-10-01,"British Columbia",16.5
"1331",2010-11-01,"British Columbia",21.8
"1332",2010-12-01,"British Columbia",23
"1333",2011-01-01,"British Columbia",18.2
"1334",2011-02-01,"British Columbia",17.8
"1335",2011-03-01,"British Columbia",21.3
"1336",2011-04-01,"British Columbia",22
"1337",2011-05-01,"British Columbia",18
"1338",2011-06-01,"British Columbia",20.4
"1339",2011-07-01,"British Columbia",21.8
"1340",2011-08-01,"British Columbia",21.1
"1341",2011-09-01,"British Columbia",20.3
"1342",2011-10-01,"British Columbia",29.3
"1343",2011-11-01,"British Columbia",25.7
"1344",2011-12-01,"British Columbia",26.3
"1345",2012-01-01,"British Columbia",17.7
"1346",2012-02-01,"British Columbia",19.9
"1347",2012-03-01,"British Columbia",19.4
"1348",2012-04-01,"British Columbia",19.5
"1349",2012-05-01,"British Columbia",18.8
"1350",2012-06-01,"British Columbia",21
"1351",2012-07-01,"British Columbia",20.1
"1352",2012-08-01,"British Columbia",21.5
"1353",2012-09-01,"British Columbia",19
"1354",2012-10-01,"British Columbia",20.8
"1355",2012-11-01,"British Columbia",18.6
"1356",2012-12-01,"British Columbia",17.7
"1357",2013-01-01,"British Columbia",19.4
"1358",2013-02-01,"British Columbia",18
"1359",2013-03-01,"British Columbia",20
"1360",2013-04-01,"British Columbia",19.8
"1361",2013-05-01,"British Columbia",18.3
"1362",2013-06-01,"British Columbia",21.3
"1363",2013-07-01,"British Columbia",20.9
"1364",2013-08-01,"British Columbia",20.2
"1365",2013-09-01,"British Columbia",20.9
"1366",2013-10-01,"British Columbia",21.2
"1367",2013-11-01,"British Columbia",26.2
"1368",2013-12-01,"British Columbia",21.4
"1369",2014-01-01,"British Columbia",17.1
"1370",2014-02-01,"British Columbia",19.6
"1371",2014-03-01,"British Columbia",22.9
"1372",2014-04-01,"British Columbia",18.2
"1373",2014-05-01,"British Columbia",20.5
"1374",2014-06-01,"British Columbia",22.2
"1375",2014-07-01,"British Columbia",19.9
"1376",2014-08-01,"British Columbia",20.5
"1377",2014-09-01,"British Columbia",16.8
"1378",2014-10-01,"British Columbia",18.5
"1379",2014-11-01,"British Columbia",17.8
"1380",2014-12-01,"British Columbia",20
"1381",2015-01-01,"British Columbia",25.6
"1382",2015-02-01,"British Columbia",18
"1383",2015-03-01,"British Columbia",22.1
"1384",2015-04-01,"British Columbia",22.6
"1385",2015-05-01,"British Columbia",21.3
"1386",2015-06-01,"British Columbia",23.7
"1387",2015-07-01,"British Columbia",17
"1388",2015-08-01,"British Columbia",22.8
"1389",2015-09-01,"British Columbia",19.2
"1390",2015-10-01,"British Columbia",17.1
"1391",2015-11-01,"British Columbia",20.1
"1392",2015-12-01,"British Columbia",17
"1393",2016-01-01,"British Columbia",15.1
"1394",2016-02-01,"British Columbia",16.1
"1395",2016-03-01,"British Columbia",16.8
"1396",2016-04-01,"British Columbia",15.8
"1397",2016-05-01,"British Columbia",15.7
"1398",2016-06-01,"British Columbia",20.3
"1399",2016-07-01,"British Columbia",19.3
"1400",2016-08-01,"British Columbia",21.6
"1401",2016-09-01,"British Columbia",23.6
"1402",2016-10-01,"British Columbia",18.8
"1403",2016-11-01,"British Columbia",18.4
"1404",2016-12-01,"British Columbia",18.1
"1405",2017-01-01,"British Columbia",19
"1406",2017-02-01,"British Columbia",16.1
"1407",2017-03-01,"British Columbia",16.1
"1408",2017-04-01,"British Columbia",16.4
"1409",2017-05-01,"British Columbia",17.2
"1410",2017-06-01,"British Columbia",18.8
"1411",2017-07-01,"British Columbia",15
"1412",2017-08-01,"British Columbia",17.1
"1413",2017-09-01,"British Columbia",20.4
"1414",2017-10-01,"British Columbia",20.7
"1415",2017-11-01,"British Columbia",16.9
"1416",2017-12-01,"British Columbia",21.7
"1417",2018-01-01,"British Columbia",17.6
"1418",2018-02-01,"British Columbia",19.3
"1419",2018-03-01,"British Columbia",18
"1420",2018-04-01,"British Columbia",19.5
"1421",2018-05-01,"British Columbia",19.5
"1422",2018-06-01,"British Columbia",20.1
"1423",2018-07-01,"British Columbia",16
"1424",2018-08-01,"British Columbia",14.9
"1425",2018-09-01,"British Columbia",16
"1426",2018-10-01,"British Columbia",14.3
"1427",2018-11-01,"British Columbia",13.1
"1428",2018-12-01,"British Columbia",13.4
"1429",2019-01-01,"British Columbia",12.1
"1430",2019-02-01,"British Columbia",13.9
"1431",2019-03-01,"British Columbia",15.1
"1432",2019-04-01,"British Columbia",13.5
"1433",2019-05-01,"British Columbia",12.3
"1434",2019-06-01,"British Columbia",10.6
"1435",2019-07-01,"British Columbia",12.1
"1436",2019-08-01,"British Columbia",11.7
"1437",2019-09-01,"British Columbia",12.1
"1438",2019-10-01,"British Columbia",11.7
"1439",2019-11-01,"British Columbia",13.2
"1440",2019-12-01,"British Columbia",13.7
"1441",2020-01-01,"British Columbia",13
"1442",2020-02-01,"British Columbia",14
"1443",2020-03-01,"British Columbia",11.8
"1444",2020-04-01,"British Columbia",9.6
"1445",2020-05-01,"British Columbia",10.4
"1446",2020-06-01,"British Columbia",12.9
"1447",2020-07-01,"British Columbia",18.3
"1448",2020-08-01,"British Columbia",15
"1449",2020-09-01,"British Columbia",21.6
"1450",2020-10-01,"British Columbia",18.3
"1451",2020-11-01,"British Columbia",18.3
"1452",2020-12-01,"British Columbia",20.1
